{
  "version": 1,
  "author": "Anonymous maker",
  "editor": "wokwi",
  "parts": [
    { "type": "wokwi-esp32-devkit-v1", "id": "esp", "top": -235.3, "left": -5, "attrs": {} },
    { "type": "wokwi-dht22", "id": "dht1", "top": -230.1, "left": -130.2, "attrs": {} },
    {
      "type": "board-ssd1306",
      "id": "oled1",
      "top": 3.14,
      "left": -182.17,
      "attrs": { "i2cAddress": "0x3c" }
    },
    { "type": "wokwi-led", "id": "led1", "top": -166.8, "left": 167, "attrs": { "color": "red" } }
  ],
  "connections": [
    [ "esp:TX0", "$serialMonitor:RX", "", [] ],
    [ "esp:RX0", "$serialMonitor:TX", "", [] ],
    [ "dht1:SDA", "esp:D13", "green", [ "v0" ] ],
    [ "dht1:GND", "esp:GND.2", "black", [ "v0" ] ],
    [ "dht1:VCC", "esp:VIN", "red", [ "v0" ] ],
    [ "oled1:VCC", "esp:VIN", "red", [ "v0" ] ],
    [ "oled1:SDA", "esp:D5", "blue", [ "v-28.8", "h249.67", "v-124.8" ] ],
    [ "oled1:SCL", "esp:D4", "purple", [ "v-38.4", "h249.9", "v-86.5" ] ],
    [ "led1:A", "esp:D2", "red", [ "v0" ] ],
    [ "led1:C", "esp:GND.1", "black", [ "v0" ] ],
    [ "oled1:GND", "esp:GND.2", "black", [ "v0" ] ]
  ],
  "dependencies": {}
}